{"cameraMode":{"drawMode":0,"name":"Shaded","section":"Shading Mode"},"sceneLighting":false,"audioPlay":false,"sceneViewState":{"showFog":true,"showMaterialUpdate":false,"showSkybox":false,"showFlares":true,"showImageEffects":true,"showParticleSystems":true},"in2DMode":false,"pivot":{"x":-0.0004150867462158203,"y":0.4750646948814392,"z":0.016863524913787843},"rotation":{"x":0.21335718035697938,"y":-0.5011276602745056,"z":0.1290391981601715,"w":0.828689694404602},"size":3.991361141204834,"orthographic":true}