{"cameraMode":{"drawMode":0,"name":"Shaded","section":"Shading Mode"},"sceneLighting":false,"audioPlay":false,"sceneViewState":{"showFog":true,"showMaterialUpdate":false,"showSkybox":false,"showFlares":true,"showImageEffects":true,"showParticleSystems":true},"in2DMode":false,"pivot":{"x":1.8688926696777344,"y":1.4756340980529786,"z":0.7667985558509827},"rotation":{"x":0.2665520906448364,"y":-0.5971207618713379,"z":0.21987198293209077,"w":0.7239482998847961},"size":8.591267585754395,"orthographic":true}