{"cameraMode":{"drawMode":0,"name":"Shaded","section":"Shading Mode"},"sceneLighting":false,"audioPlay":false,"sceneViewState":{"showFog":true,"showMaterialUpdate":false,"showSkybox":false,"showFlares":true,"showImageEffects":true,"showParticleSystems":true},"in2DMode":false,"pivot":{"x":-3.607055187225342,"y":0.3744453191757202,"z":0.4543924331665039},"rotation":{"x":0.12436281889677048,"y":-0.8261634707450867,"z":0.20086707174777986,"w":0.5115492343902588},"size":13.698014259338379,"orthographic":true}