{"cameraMode":{"drawMode":0,"name":"Shaded","section":"Shading Mode"},"sceneLighting":false,"audioPlay":false,"sceneViewState":{"showFog":true,"showMaterialUpdate":false,"showSkybox":false,"showFlares":true,"showImageEffects":true,"showParticleSystems":true},"in2DMode":false,"pivot":{"x":0.292523592710495,"y":2.586961507797241,"z":91.07896423339844},"rotation":{"x":0.0069956229999661449,"y":-0.977907121181488,"z":0.20628595352172852,"w":0.033175259828567508},"size":7.307920932769775,"orthographic":false}