{"cameraMode":{"drawMode":0,"name":"Shaded","section":"Shading Mode"},"sceneLighting":false,"audioPlay":false,"sceneViewState":{"showFog":true,"showMaterialUpdate":false,"showSkybox":false,"showFlares":true,"showImageEffects":true,"showParticleSystems":true},"in2DMode":false,"pivot":{"x":6.605985641479492,"y":2.8379526138305666,"z":7.934202194213867},"rotation":{"x":0.2328285425901413,"y":-0.5320701003074646,"z":0.15503047406673432,"w":0.7991751432418823},"size":45.77033996582031,"orthographic":true}