{"cameraMode":{"drawMode":0,"name":"Shaded","section":"Shading Mode"},"sceneLighting":false,"audioPlay":false,"sceneViewState":{"showFog":true,"showMaterialUpdate":false,"showSkybox":false,"showFlares":true,"showImageEffects":true,"showParticleSystems":true},"in2DMode":false,"pivot":{"x":-0.7783058881759644,"y":2.2789218425750734,"z":91.14723205566406},"rotation":{"x":-0.01100587472319603,"y":-0.9886042475700378,"z":0.11920469999313355,"w":-0.09131433814764023},"size":11.057466506958008,"orthographic":false}